R29fdGVycyBwYXJmdW0gZnJhaXNlIC0gQmVsbGUgRnJhbmNlCg== [?25lhttps://www.magazine-avantages.fr/quels-sont-les-10-parfums-de-glaces-les-plus-populaires-sur-instagram,187271.asp https://cache.magazine-avantages.fr/data/photo/w1000_ci/4x/glaces-parfums-instagram.jpg GICpPF.jpg
R29fdGVycyBwYXJmdW0gZnJhaXNlIC0gQmVsbGUgRnJhbmNlCg== https://fr.openfoodfacts.org/produit/3258561020877/gouters-parfum-fraise-belle-france https://images.openfoodfacts.org/images/products/325/856/102/0877/front_fr.6.full.jpg AIgIgL.jpg
R29fdGVycyBwYXJmdW0gZnJhaXNlIC0gQmVsbGUgRnJhbmNlCg== https://fr.openfoodfacts.org/produit/3258561020877/gouters-parfum-fraise-belle-france https://images.openfoodfacts.org/images/products/325/856/102/0877/front_fr.6.400.jpg AdEkiM.jpg
R29fdGVycyBwYXJmdW0gZnJhaXNlIC0gQmVsbGUgRnJhbmNlCg== https://fr.openfoodfacts.org/produit/3258561020877/gouters-parfum-fraise-belle-france https://images.openfoodfacts.org/images/products/325/856/102/0877/ingredients_fr.11.400.jpg IeLFJH.jpg
R29fdGVycyBwYXJmdW0gZnJhaXNlIC0gQmVsbGUgRnJhbmNlCg== https://food-information.net/compote-pomme-belle-france-calories-et-informations-nutritionnelles/ https://static.openfoodfacts.org/images/products/325/856/120/2099/front_fr.8.400.jpg NnLdDB.jpg
R29fdGVycyBwYXJmdW0gZnJhaXNlIC0gQmVsbGUgRnJhbmNlCg== https://food-information.net/compote-pomme-belle-france-calories-et-informations-nutritionnelles/ https://food-information.net/wp-content/uploads/2018/05/nutriscoreA.jpeg oaocFB.jpg
R29fdGVycyBwYXJmdW0gZnJhaXNlIC0gQmVsbGUgRnJhbmNlCg== https://lescopainsd-abord.over-blog.com/2014/09/les-chapelets-de-choco-bn-des-annees-70-par-nath-didile.html https://image.over-blog.com/XdPWUEoj7b63owwibV7R3W_GQDQ=/400x260/smart/filters:no_upscale()/image%2F0931483%2F20200427%2Fob_dc75de_ouverture.jpg kPcgib.jpg
R29fdGVycyBwYXJmdW0gZnJhaXNlIC0gQmVsbGUgRnJhbmNlCg== https://lescopainsd-abord.over-blog.com/2014/09/les-chapelets-de-choco-bn-des-annees-70-par-nath-didile.html https://image.over-blog.com/wWqcnv_0qWkUHFtdn2ygEdYiFNA=/filters:no_upscale()/image%2F0931483%2F20230224%2Fob_dbbf87_plaquette-pub.jpg FIPfDo.jpg
R29fdGVycyBwYXJmdW0gZnJhaXNlIC0gQmVsbGUgRnJhbmNlCg== https://lescopainsd-abord.over-blog.com/2014/09/les-chapelets-de-choco-bn-des-annees-70-par-nath-didile.html https://img.over-blog-kiwi.com/0/93/14/83/20181017/ob_20c5dd_bn-1984.jpg HhKIjD.jpg
R29fdGVycyBwYXJmdW0gZnJhaXNlIC0gQmVsbGUgRnJhbmNlCg== https://lescopainsd-abord.over-blog.com/2014/09/les-chapelets-de-choco-bn-des-annees-70-par-nath-didile.html https://img.over-blog-kiwi.com/0/93/14/83/20181125/ob_c36587_chapelet-1978.jpg jIbAba.jpg
R29fdGVycyBwYXJmdW0gZnJhaXNlIC0gQmVsbGUgRnJhbmNlCg== https://lescopainsd-abord.over-blog.com/2014/09/les-chapelets-de-choco-bn-des-annees-70-par-nath-didile.html https://img.over-blog-kiwi.com/0/93/14/83/20181125/ob_77b195_bn-box-2.jpg NmLHcG.jpg
R29fdGVycyBwYXJmdW0gZnJhaXNlIC0gQmVsbGUgRnJhbmNlCg== https://fr.openfoodfacts.org/produit/3258561019338/gouter-parfum-fraise-belle-france https://images.openfoodfacts.org/images/products/325/856/101/9338/nutrition_fr.5.400.jpg bEBEjG.jpg
R29fdGVycyBwYXJmdW0gZnJhaXNlIC0gQmVsbGUgRnJhbmNlCg== https://fr.openfoodfacts.org/produit/3258561019338/gouter-parfum-fraise-belle-france https://images.openfoodfacts.org/images/products/325/856/101/9338/front_fr.3.400.jpg JpddMJ.jpg
R29fdGVycyBwYXJmdW0gZnJhaXNlIC0gQmVsbGUgRnJhbmNlCg== https://fr.openfoodfacts.org/produit/3258561019338/gouter-parfum-fraise-belle-france https://images.openfoodfacts.org/images/products/325/856/101/9338/nutrition_fr.5.full.jpg NmMnNi.jpg
R29fdGVycyBwYXJmdW0gZnJhaXNlIC0gQmVsbGUgRnJhbmNlCg== https://fr.openfoodfacts.org/produit/3258561019338/gouter-parfum-fraise-belle-france https://images.openfoodfacts.org/images/products/325/856/101/9338/front_fr.3.full.jpg hOgcED.jpg
